{
  "session_id": "c2db133b-9897-4d37-a4a1-92631c351901",
  "timestamp": "20250828_121008",
  "duration": 3.0,
  "sample_rate": 48000,
  "calibrated": true,
  "statistics": {
    "rms_linear": 0.001649648416787386,
    "rms_db": -55.65216827392578,
    "peak_linear": 0.00356137752532959,
    "peak_db": -48.96763610839844,
    "crest_factor": 2.1588706970214844,
    "thd_plus_n_percent": 45.820186614990234,
    "dominant_frequency_hz": 500.0
  },
  "octave_bands": {
    "frequencies": [
      25.0,
      31.5,
      40.0,
      50.0,
      63.0,
      80.0,
      100.0,
      125.0,
      160.0,
      200.0,
      250.0,
      315.0,
      400.0,
      500.0,
      630.0,
      800.0,
      1000.0,
      1250.0,
      1600.0,
      2000.0,
      2500.0,
      3150.0,
      4000.0,
      5000.0,
      6300.0,
      8000.0,
      10000.0,
      12500.0,
      16000.0,
      20000.0
    ],
    "levels_db": [
      -82.0275890808642,
      -79.0435705811645,
      -81.7274234507105,
      -88.41068710775104,
      -83.20864563689489,
      -88.05878325914478,
      -90.87291243157742,
      -83.90948426558914,
      -90.08893544580373,
      -92.00982451647897,
      -92.30280009240944,
      -91.47436672926155,
      -78.7467542192867,
      -55.878449112477824,
      -79.927387864487,
      -95.876432498774,
      -94.22302946201405,
      -97.23227257340419,
      -87.56904350416583,
      -98.20925193324416,
      -90.77062271250179,
      -96.6474785213161,
      -97.84406134199577,
      -98.03565679297128,
      -98.52450774918495,
      -97.74313702406324,
      -97.25104408798869,
      -96.44388038553433,
      -95.66775996888478,
      -95.52377654642198
    ]
  }
}